{"_timestamp":1.771941661522636e+09,"_step":10,"test_accuracy":0.9618,"epoch":10,"_runtime":133,"test_loss":0.1638164181071819,"Sample Images":{"nrows":50,"artifact_path":"wandb-client-artifact://fexky01u67il23q3232heveuazxxl881376chf5di885b02k2flf8kw0hq0ddqiz9275vql1bvi1hivuu5cje0zslm8i1v1q3z2ce2m6i7fsomgz8fg2x8xovlbzt1nm/Sample Images.table.json","size":741,"log_mode":"IMMUTABLE","_latest_artifact_path":"wandb-client-artifact://fyletyjld2cxkqzd0qqwmzk845oef328s8zpc8ql15ckj0w3p0fb89q3uczwfzn2ex06xpsd06acux2839f6uamvwa8cqltqn0ezdtaj9we761mmdlkmzcrcnm7txbkp:latest/Sample Images.table.json","path":"media/table/Sample Images_0_bf1bad6fae2bb7eb4f63.table.json","_type":"table-file","ncols":2,"sha256":"bf1bad6fae2bb7eb4f63c64de5751c6c34c6eab3552119fba968a202bc3e1d7f"},"_wandb":{"runtime":133},"train_loss":0.10083298126690352,"train_accuracy":0.10111666666666666}