{"_timestamp":1.7722683846878781e+09,"grad_norm_layer1":1.0362609807714898,"final_test_accuracy":0.889,"_runtime":185,"train_loss":0.4265380723639738,"train_accuracy":0.8877592592592592,"epoch":10,"_step":10,"_wandb":{"runtime":185},"val_loss":0.41561008462334575,"val_accuracy":0.8923333333333333}