{"_timestamp":1.7722692408802018e+09,"val_accuracy":0.9183333333333333,"_runtime":90,"epoch":10,"_wandb":{"runtime":90},"final_test_accuracy":0.9078,"train_accuracy":0.9119444444444444,"grad_norm_layer1":0.6126442733925028,"_step":10,"train_loss":0.33096685199186604,"val_loss":0.3267577263680194}