{"val_accuracy":0.1125,"_step":10,"train_accuracy":0.11253703703703703,"_wandb":{"runtime":84},"val_loss":2.3011429876453477,"epoch":10,"grad_norm_layer1":0.0006052723820014689,"train_loss":2.301136075354946,"final_test_accuracy":0.1125,"_timestamp":1.772263027506815e+09,"_runtime":84}