{"relu_zero_fraction":0.6510013020833333,"_timestamp":1.7721151389278631e+09,"_wandb":{"runtime":27},"_runtime":27,"_step":2537}