{"_step":33934,"relu_zero_fraction":1,"_timestamp":1.772097975199453e+09,"train_loss":2.3131660341546887,"val_loss":2.3132032953777313,"val_accuracy":0.10416666666666667,"_runtime":514,"final_test_accuracy":0.1042,"_wandb":{"runtime":514},"train_accuracy":0.10418518518518519,"epoch":10}