{"train_loss":2.3024671670436536,"_step":10,"_timestamp":1.7721854657198608e+09,"val_accuracy":0.1125,"final_test_accuracy":0.1125,"train_accuracy":0.11253703703703703,"val_loss":2.3024674915902756,"_wandb":{"runtime":125},"epoch":10,"_runtime":125}