{"_timestamp":1.772258074707489e+09,"_step":10,"train_loss":NaN,"val_loss":NaN,"train_accuracy":0.09861111111111111,"grad_norm_layer1":NaN,"epoch":10,"_wandb":{"runtime":175},"val_accuracy":0.09866666666666667,"_runtime":175,"final_test_accuracy":0.0986}