{"train_accuracy":0.09976666666666667,"test_accuracy":0.1334,"test_loss":2.2937298657261196,"_runtime":230,"_wandb":{"runtime":230},"Sample Images":{"artifact_path":"wandb-client-artifact://d74kvo4nzqwrwj5tv0jue4n29pxesolstdfe2o2ut6elu82q00551r2f60a0b9nkn33chg9ils0nmx8ndram90vrznuh6w9tkug5xz3x7a0iabozwpimnf06o1igp9sy/Sample Images.table.json","sha256":"bf1bad6fae2bb7eb4f63c64de5751c6c34c6eab3552119fba968a202bc3e1d7f","_type":"table-file","ncols":2,"nrows":50,"log_mode":"IMMUTABLE","_latest_artifact_path":"wandb-client-artifact://lplb8c4vazx1c9jm3b0x4ura0thg5q3i72jz1v9903byc4j60vw29fzsy0s0fbagfm7af98ycgfxwioq8jnvwjb0c29htlgp8cd5q707xzm3a1g7m8ycnxfvy16cprg1:latest/Sample Images.table.json","path":"media/table/Sample Images_0_bf1bad6fae2bb7eb4f63.table.json","size":741},"epoch":10,"train_loss":2.293663182048048,"_step":10,"_timestamp":1.772025128175027e+09}