{"_step":10,"test_loss":0.09602803815717231,"train_accuracy":0.09916666666666667,"epoch":10,"_timestamp":1.771945098960028e+09,"train_loss":0.019075836555311417,"_wandb":{"runtime":278},"Sample Images":{"artifact_path":"wandb-client-artifact://yb0mj1m390nsaxqo174sw4j8fcpijrvkesmv99vyem3akl9x7okd85h1x2ymtzlhn52epn3mrcor4r2fv5w3pqe0lpfgwb2t5fho6a7lf0trfk21jib5zpl0d161fb2r/Sample Images.table.json","nrows":50,"size":741,"_latest_artifact_path":"wandb-client-artifact://73bte59m7pry20zgtfmq2rjssz2eti4uxlv3mq84b9d1b1zju5pmpr8w17irgbs7f32b1mce8gh9gdmgwq6np9sgiop1a97euahah7gfj752irfez9e642xmgncz3zzh:latest/Sample Images.table.json","_type":"table-file","path":"media/table/Sample Images_0_bf1bad6fae2bb7eb4f63.table.json","log_mode":"IMMUTABLE","ncols":2,"sha256":"bf1bad6fae2bb7eb4f63c64de5751c6c34c6eab3552119fba968a202bc3e1d7f"},"test_accuracy":0.9758,"_runtime":278}