{"_timestamp":1.7721175261318183e+09,"train_loss":0.005006808196540991,"epoch":10,"train_accuracy":0.9955185185185185,"relu_zero_fraction":0.7164578125,"val_accuracy":0.9805,"_wandb":{"runtime":159},"_runtime":159,"val_loss":0.016355271626805026,"_step":25453,"final_test_accuracy":0.979}