{"_runtime":549,"relu_zero_fraction":1,"epoch":15,"_step":38178,"train_loss":2.3063907707032945,"val_accuracy":0.09933333333333333,"val_loss":2.306400100141621,"_wandb":{"runtime":549},"_timestamp":1.7721137392015712e+09,"train_accuracy":0.0994074074074074,"final_test_accuracy":0.0994}