{"epoch":10,"val_accuracy":0.1125,"train_loss":2.3014152397073944,"_wandb":{"runtime":140},"train_accuracy":0.11253703703703703,"val_loss":2.3014268631057204,"grad_norm_layer1":0,"_step":33934,"_timestamp":1.7722649432898088e+09,"final_test_accuracy":0.1125,"relu_zero_fraction":0.9999984375,"_runtime":140}