{"epoch":10,"_wandb":{"runtime":216},"test_loss":0.09891077482805263,"_step":10,"test_accuracy":0.9753,"train_loss":0.026287418155559322,"Sample Images":{"size":741,"artifact_path":"wandb-client-artifact://eu26vrxdff92amo7ft5x9lr4nv9ujwknx4ugn5yfv3nen8iyxflxt87fsvl36hbxafe7j51m3a30344tmetzpr6uy702brvtmzvquazf85v1yzen01udmq7375ru2z05/Sample Images.table.json","path":"media/table/Sample Images_0_bf1bad6fae2bb7eb4f63.table.json","_type":"table-file","ncols":2,"nrows":50,"_latest_artifact_path":"wandb-client-artifact://720ycmz9hfnhlla8za9ufzgsex5utz4yqgwtnqy859mr07f202bj8goo594qvj2fhatechr1hojuqvscfj9l16c0tm6wbg49tlcp6vo9gn3ch2z8p5vsnhqgrjv96gvt:latest/Sample Images.table.json","sha256":"bf1bad6fae2bb7eb4f63c64de5751c6c34c6eab3552119fba968a202bc3e1d7f","log_mode":"IMMUTABLE"},"_timestamp":1.7719475275370128e+09,"train_accuracy":0.10103333333333334,"_runtime":216}