{"_step":10,"val_loss":2.3012198344448227,"val_accuracy":0.1125,"final_test_accuracy":0.1125,"_timestamp":1.7721003314663916e+09,"train_accuracy":0.11253703703703703,"_runtime":69,"train_loss":2.3012122724544306,"_wandb":{"runtime":69},"epoch":10}