{"epoch":10,"train_loss":2.3012443787431636,"_runtime":197,"train_accuracy":0.11253333333333333,"_timestamp":1.7719482036608062e+09,"_step":10,"test_loss":2.301250749169432,"_wandb":{"runtime":197},"test_accuracy":0.1125,"Sample Images":{"ncols":2,"log_mode":"IMMUTABLE","nrows":50,"_type":"table-file","size":741,"artifact_path":"wandb-client-artifact://7xwb746ou2d15c0r13l6xh7wx6slypo22mc4cqv6hbdh5v9cen8angg52kg6692ypldju8fb5vosk3j69szcq0345w05o1j4wvwwyosg6ivq211gubsh0eg5k96dckx7/Sample Images.table.json","_latest_artifact_path":"wandb-client-artifact://liwz3awe3pqebj6a9svhjhco41gth3hb1gf2lzim3qen2gycp50ampgl04tm97vpd6p83fvts4ne19l0dmgc18usygxvav9nxq73gpecc6939gmgse1m4lycag2o7yyg:latest/Sample Images.table.json","sha256":"bf1bad6fae2bb7eb4f63c64de5751c6c34c6eab3552119fba968a202bc3e1d7f","path":"media/table/Sample Images_0_bf1bad6fae2bb7eb4f63.table.json"}}