{"grad_norm_layer1":0,"train_loss":0.4523919925919172,"_wandb":{"runtime":106},"relu_zero_fraction":1,"epoch":10,"val_accuracy":0.09833333333333333,"_timestamp":1.7722735175979588e+09,"_step":33934,"train_accuracy":0.09822222222222222,"_runtime":106,"val_loss":0.452385600291887,"final_test_accuracy":0.0982}