{"_timestamp":1.7722997924509757e+09,"train_loss":0.21636047219559146,"_wandb":{"runtime":257},"iteration":49,"_runtime":257,"val_accuracy":0.8883333333333333,"grad_neuron_1":-0.001584921491423789,"grad_neuron_0":-0.0011421468379283009,"train_accuracy":0.9211111111111111,"val_loss":0.32929495084279226,"relu_zero_fraction":0.583553125,"grad_neuron_3":0.0012183763457511707,"grad_norm_layer1":1.2174772387267945,"epoch":20,"grad_neuron_2":0.0023032959332680786,"grad_neuron_4":-0.0006636579026692993,"final_test_accuracy":0.8771,"_step":50953}