{"confusion_matrix":{"sha256":"efe32c30502886c592105a0155420d4dff2741c8e557ad9f38462c6f843c9337","size":34098,"path":"media/images/confusion_matrix_5_efe32c30502886c59210.png","format":"png","width":800,"height":600,"_type":"image-file"},"relu_zero_fraction":0.51885,"_runtime":6,"precision":0.9770300381177532,"_step":5,"f1":0.9768388980127813,"accuracy":0.977,"_timestamp":1.7722959838768446e+09,"recall":0.9767790993344672,"_wandb":{"runtime":6}}