{"train_loss":2.1450774226766116,"val_accuracy":0.4146666666666667,"val_loss":2.1428325024172867,"final_test_accuracy":0.4122,"_step":25453,"_timestamp":1.7722070674125595e+09,"_wandb":{"runtime":514},"train_accuracy":0.41314814814814815,"epoch":10,"_runtime":514,"relu_zero_fraction":0.47455546875}