{"_wandb":{"runtime":161},"final_test_accuracy":0.0982,"_runtime":161,"epoch":10,"train_loss":2.481309827377845,"val_accuracy":0.09833333333333333,"val_loss":2.481378330681689,"train_accuracy":0.09822222222222222,"_step":10,"_timestamp":1.772093715568199e+09}