{"relu_zero_fraction":0.49782890625,"train_loss":2.2905792008475476,"_timestamp":1.772089875948457e+09,"test_loss":2.290033855613047,"train_accuracy":0.10123333333333333,"_step":28270,"Sample Images":{"ncols":2,"sha256":"bf1bad6fae2bb7eb4f63c64de5751c6c34c6eab3552119fba968a202bc3e1d7f","nrows":50,"log_mode":"IMMUTABLE","artifact_path":"wandb-client-artifact://j53sf8nucw4bu8czlg12t7ohypgggd72i4z284s2d7pte9zumbbcblpzkoro2qo443b7gdbb7nveerqf3plp6z3eqx4ocifvwfiqva4dx82o8igg35zo5g5xowvz6mua/Sample Images.table.json","_type":"table-file","path":"media/table/Sample Images_0_bf1bad6fae2bb7eb4f63.table.json","size":741,"_latest_artifact_path":"wandb-client-artifact://yehkgmv6jv1l76b97epwp0z6a8tlc250yvxauc599cvs86ueseti4el4pu0anyf2rqtf4pt2k9kao10s2nx386dk045ea28k6maew078ccl7j5y84qk6jfar0oh0cbej:latest/Sample Images.table.json"},"test_accuracy":0.1156,"_wandb":{"runtime":222},"_runtime":222,"epoch":10}