{"_runtime":4,"_step":2,"relu_zero_fraction":0.4368896484375,"_timestamp":1.7720940562694886e+09,"_wandb":{"runtime":4}}