{"_step":12728,"val_loss":2.301199291010822,"val_accuracy":0.1125,"_runtime":90,"train_accuracy":0.11253703703703703,"relu_zero_fraction":1,"epoch":5,"_timestamp":1.772119137134803e+09,"train_loss":2.301195994302508,"final_test_accuracy":0.1125,"_wandb":{"runtime":90}}