{"train_loss":0.09904690410474999,"_step":10,"val_loss":0.161751916259483,"final_test_accuracy":0.9528,"train_accuracy":0.9711666666666666,"_timestamp":1.7722729132502823e+09,"_runtime":72,"grad_norm_layer1":0.2015999034666139,"_wandb":{"runtime":72},"epoch":10,"val_accuracy":0.9606666666666667}