{"train_accuracy":0.09861111111111111,"grad_norm_layer1":NaN,"_timestamp":1.7722695850963187e+09,"epoch":10,"final_test_accuracy":0.0986,"val_accuracy":0.09866666666666667,"_step":10,"val_loss":NaN,"train_loss":NaN,"_runtime":128,"_wandb":{"runtime":128}}