{"_wandb":{"runtime":148},"train_loss":0.03539684561549711,"grad_norm_layer1":0.8645433792902336,"final_test_accuracy":0.9755,"iteration":49,"grad_neuron_2":0,"val_loss":0.09129540884787868,"grad_neuron_4":-0.00023609657028289102,"val_accuracy":0.9768333333333333,"grad_neuron_0":0.0017823155974977206,"grad_neuron_3":-6.534577387800361e-05,"_timestamp":1.772297261320588e+09,"_step":17019,"train_accuracy":0.9890185185185185,"_runtime":148,"epoch":5,"relu_zero_fraction":0.50802734375,"grad_neuron_1":4.202073594587578e-07}