{"_wandb":{"runtime":107},"_runtime":107,"val_accuracy":0.1125,"val_loss":2.3010992296639317,"final_test_accuracy":0.1125,"train_loss":2.301097302023191,"train_accuracy":0.11253703703703703,"_step":10,"_timestamp":1.7720998777489333e+09,"epoch":10}