{"grad_neuron_2":-0.0001280074126606895,"_step":70,"grad_neuron_1":-0.000519748458381123,"epoch":20,"_runtime":229,"final_test_accuracy":0.8837,"train_loss":0.21418127814100565,"grad_neuron_3":0.00014771942050658486,"_timestamp":1.7722992954410102e+09,"_wandb":{"runtime":229},"train_accuracy":0.918962962962963,"grad_norm_layer1":0.35012882157873126,"iteration":49,"grad_neuron_0":-1.0342426157470785e-06,"val_loss":0.3079917310590879,"val_accuracy":0.8903333333333333,"grad_neuron_4":0.0007081894615385389}