{"relu_zero_fraction":0.674875,"val_accuracy":0.9641666666666666,"final_test_accuracy":0.9577,"_wandb":{"runtime":77},"_runtime":77,"grad_norm_layer1":0.28200275854845774,"_timestamp":1.7722618475749328e+09,"train_loss":0.04197576950841227,"train_accuracy":0.9635,"_step":16972,"epoch":10,"val_loss":0.0428120383414279}