{"epoch":10,"test_loss":2.2829606800161057,"_step":10,"_wandb":{"runtime":235},"_runtime":235,"Sample Images":{"nrows":50,"sha256":"bf1bad6fae2bb7eb4f63c64de5751c6c34c6eab3552119fba968a202bc3e1d7f","path":"media/table/Sample Images_0_bf1bad6fae2bb7eb4f63.table.json","ncols":2,"size":741,"_latest_artifact_path":"wandb-client-artifact://i2oji0lou14jl93tjqev6yyofjtb40mwjbvuaj5tw6omyrs9i24qlm7vbez150qr2nmwgy8e0ra89svh3zsx12tmmb23s3h09lgtslmubk7r38rag73ke77pmwm7ym29:latest/Sample Images.table.json","log_mode":"IMMUTABLE","_type":"table-file","artifact_path":"wandb-client-artifact://fov2i0mgpw5mfp0rs3gq6f0pct07ot6g0kmd0po936jdohf9swh1ycma8emie8i0gcp66xgoriwtl7xdrqoj90xpcq1b08anfom50zijrd099jz7uw3war2lpy4408go/Sample Images.table.json"},"train_loss":2.282783321442541,"train_accuracy":0.10356666666666667,"test_accuracy":0.1132,"_timestamp":1.7720248306593237e+09}