{"train_loss":0.013161701785030596,"final_test_accuracy":0.9719,"train_accuracy":0.9872037037037037,"val_accuracy":0.9725,"_wandb":{"runtime":167},"val_loss":0.022417373990491592,"_timestamp":1.7722666336626296e+09,"relu_zero_fraction":0.7185421875,"grad_norm_layer1":0.1368549782816447,"_runtime":167,"epoch":10,"_step":25453}