{"precision":0.06526984961821994,"_timestamp":1.7722949177840555e+09,"confusion_matrix":{"path":"media/images/confusion_matrix_1_e0ee2c359356ec27f1bd.png","format":"png","width":800,"height":600,"_type":"image-file","sha256":"e0ee2c359356ec27f1bdca029d2beb6e7ec916ea4d3bbb6864236451ceb3f9d2","size":35547},"_step":1,"f1":0.09735558491308312,"recall":0.21084253490145466,"accuracy":0.2259,"_wandb":{"runtime":6},"_runtime":6}