{"_timestamp":1.771954147198632e+09,"train_accuracy":0.11253333333333333,"_step":10,"test_accuracy":0.1125,"epoch":10,"Sample Images":{"nrows":50,"_latest_artifact_path":"wandb-client-artifact://27xb9rpqv6u863y0awbgrgavax0t7z7oqqtgitrd2u0a089281t9zzbr291idbd5b4lw6ppt2jk6nx63iij448s73kbosa650s7q9fnrbdbgwybi1p4vz9ktrupdg88a:latest/Sample Images.table.json","_type":"table-file","artifact_path":"wandb-client-artifact://a82jp56ocdnavn00ias1zexjyz7umezpa31ie58yfbph2a1x4a3m69uk314vhu52xu1vgdjmpn3m4emuhz00gyord7h5oourrm0ctv3njuupwfywwve9j514bnpzl4n7/Sample Images.table.json","size":741,"log_mode":"IMMUTABLE","sha256":"bf1bad6fae2bb7eb4f63c64de5751c6c34c6eab3552119fba968a202bc3e1d7f","ncols":2,"path":"media/table/Sample Images_0_bf1bad6fae2bb7eb4f63.table.json"},"train_loss":2.2951830331713525,"_wandb":{"runtime":137},"_runtime":137,"test_loss":2.295157249076997}