{"val_accuracy":0.1125,"_wandb":{"runtime":79},"train_loss":0.4498325930464663,"final_test_accuracy":0.1125,"val_loss":0.4498326288326567,"train_accuracy":0.11253703703703703,"_step":10,"epoch":10,"_runtime":79,"_timestamp":1.7722573971961e+09,"grad_norm_layer1":0.0008342267514081448}