{"_timestamp":1.7722148658608413e+09,"_step":2,"relu_zero_fraction":0.478515625,"_wandb":{"runtime":6},"_runtime":6}