{"train_loss":0.026208486552636853,"_runtime":108,"_timestamp":1.7722736914165146e+09,"train_accuracy":0.9921666666666666,"val_loss":0.0788710748589726,"_step":10,"final_test_accuracy":0.9762,"val_accuracy":0.9781666666666666,"epoch":10,"grad_norm_layer1":0.1876517663025928,"_wandb":{"runtime":108}}