{"_timestamp":1.7722111033702192e+09,"val_accuracy":0.9073333333333333,"train_loss":0.35300826849422384,"_runtime":1615,"val_loss":0.3407191213851788,"final_test_accuracy":0.9027,"train_accuracy":0.9033148148148148,"_step":10,"_wandb":{"runtime":1615},"epoch":10}