{"val_loss":2.302184086827982,"train_accuracy":0.11253703703703703,"_timestamp":1.7721016334391127e+09,"final_test_accuracy":0.1125,"val_accuracy":0.1125,"epoch":10,"_step":10,"_wandb":{"runtime":190},"_runtime":190,"train_loss":2.3021816892561224}