{"relu_zero_fraction":0.51885,"precision":0.9770300381177532,"confusion_matrix":{"_type":"image-file","sha256":"efe32c30502886c592105a0155420d4dff2741c8e557ad9f38462c6f843c9337","size":34098,"path":"media/images/confusion_matrix_5_efe32c30502886c59210.png","format":"png","width":800,"height":600},"_timestamp":1.7722982174526734e+09,"accuracy":0.977,"_step":5,"recall":0.9767790993344672,"f1":0.9768388980127813,"_wandb":{"runtime":16},"_runtime":16}