{"final_test_accuracy":0.8954,"val_accuracy":0.8996666666666666,"_wandb":{"runtime":76},"_runtime":76,"_step":10,"train_loss":0.4038009702707718,"epoch":10,"val_loss":0.3866709441054785,"_timestamp":1.7720997046543891e+09,"train_accuracy":0.8947592592592593}