{"train_accuracy":0.8993333333333333,"val_loss":0.42644138825377725,"grad_norm_layer1":1.0715293917559838,"_wandb":{"runtime":498},"epoch":20,"grad_neuron_4":0,"_runtime":498,"grad_neuron_2":-0.0027122537090309077,"grad_neuron_1":0,"train_loss":0.28627046433124276,"_timestamp":1.7722988294390042e+09,"grad_neuron_0":-0.0035765472441737062,"relu_zero_fraction":0.86728125,"iteration":49,"grad_neuron_3":3.121273808042577e-05,"val_accuracy":0.882,"_step":67914,"final_test_accuracy":0.8745}