{"_runtime":13,"f1":0.020224719082940438,"confusion_matrix":{"size":26890,"path":"media/images/confusion_matrix_1_5a7e4a7ead7e2a21c3a2.png","format":"png","width":800,"height":600,"_type":"image-file","sha256":"5a7e4a7ead7e2a21c3a2c9f62c969281ac168359579a64b9750c1fd99e14ea41"},"_wandb":{"runtime":13},"_step":1,"precision":0.011249999999998875,"_timestamp":1.7721181416997674e+09,"accuracy":0.1125,"recall":0.09999999999991112}