{"_runtime":300,"val_accuracy":0.1125,"val_loss":2.301144585058413,"_timestamp":1.7722094202611678e+09,"_step":10,"epoch":10,"final_test_accuracy":0.1125,"train_loss":2.301137579076877,"_wandb":{"runtime":300},"train_accuracy":0.11253703703703703}