{"grad_norm_layer1":0.0015114492778868164,"_timestamp":1.772259281651531e+09,"val_accuracy":0.09933333333333333,"final_test_accuracy":0.0994,"_runtime":95,"train_accuracy":0.0994074074074074,"_wandb":{"runtime":95},"train_loss":0.45051504497860984,"_step":10,"val_loss":0.4505172143346107,"epoch":10}