{"val_loss":2.2268804029546896,"_runtime":408,"val_accuracy":0.15633333333333332,"train_accuracy":0.15585185185185185,"epoch":10,"train_loss":2.2284980000990102,"final_test_accuracy":0.1596,"_step":10,"_wandb":{"runtime":408},"_timestamp":1.7721826366471622e+09}