{"val_accuracy":0.11283333333333333,"train_loss":2.2882401701186916,"val_loss":2.2884310124254346,"_timestamp":1.7720907205763152e+09,"_wandb":{"runtime":116},"_runtime":116,"_step":25453,"final_test_accuracy":0.113,"epoch":10,"relu_zero_fraction":0.47490234375,"train_accuracy":0.09618518518518518}