{"test_accuracy":0.1125,"Sample Images":{"sha256":"bf1bad6fae2bb7eb4f63c64de5751c6c34c6eab3552119fba968a202bc3e1d7f","_latest_artifact_path":"wandb-client-artifact://3xr53vmorid02b34e4o8urec9kssmdvwb8sy8be3uavlb1g7eywnd20f0z2u3j3yon4p4jamcrphx3hml04d8qxxok0ijmfx43oz3a604dwq3z9p3tqk303nnxck2x4v:latest/Sample Images.table.json","size":741,"_type":"table-file","ncols":2,"path":"media/table/Sample Images_0_bf1bad6fae2bb7eb4f63.table.json","nrows":50,"artifact_path":"wandb-client-artifact://enolye124dbrx0ipuwfk2v36x4i79jogj665f0k05c1x9i5v2cf286q79k0vb7mq5wfmpk32h8vj15cyseqp1vqj75els3vffcwb2jiauxl8ojecalhf68gx9a2gqosl/Sample Images.table.json","log_mode":"IMMUTABLE"},"train_loss":2.301578110645297,"_timestamp":1.7719497290009255e+09,"test_loss":2.3015769920981075,"train_accuracy":0.11253333333333333,"_step":10,"epoch":10,"_runtime":200,"_wandb":{"runtime":200}}