{"_step":10,"epoch":10,"train_accuracy":0.8451481481481481,"train_loss":0.2047955074455476,"final_test_accuracy":0.8471,"_wandb":{"runtime":45},"val_accuracy":0.8468333333333333,"val_loss":0.20163825357208498,"_timestamp":1.772187612901212e+09,"_runtime":45}