{"relu_zero_fraction":0.48719453125,"_step":25453,"val_accuracy":0.11333333333333333,"_wandb":{"runtime":1255},"epoch":10,"train_loss":2.293366337548186,"_runtime":1255,"train_accuracy":0.11398148148148148,"_timestamp":1.7721892861634088e+09,"val_loss":2.294443637591118,"final_test_accuracy":0.1135}