{"_runtime":88,"val_accuracy":0.9778333333333333,"epoch":10,"val_loss":0.07958701878560885,"train_accuracy":0.9922777777777778,"_timestamp":1.7720990219983437e+09,"final_test_accuracy":0.9754,"_step":10,"_wandb":{"runtime":88},"train_loss":0.028882492520094512}