{"_step":2,"relu_zero_fraction":0.523681640625,"_timestamp":1.7721143545742986e+09,"_wandb":{"runtime":4},"_runtime":4}