{"_wandb":{"runtime":57},"grad_norm_layer1":0.012350050834522584,"val_loss":0.402151948540002,"final_test_accuracy":0.2109,"epoch":10,"train_accuracy":0.2112037037037037,"val_accuracy":0.21083333333333334,"train_loss":0.4024649573814896,"_timestamp":1.7722571018636777e+09,"_runtime":57,"_step":10}