{"_timestamp":1.7722065014552517e+09,"train_accuracy":0.5745740740740741,"train_loss":2.0731225827558037,"final_test_accuracy":0.5824,"val_accuracy":0.5806666666666667,"relu_zero_fraction":0.455740625,"epoch":10,"val_loss":2.0671930525855706,"_step":25453,"_wandb":{"runtime":895},"_runtime":895}