{"_wandb":{"runtime":80},"_step":10,"Sample Images":{"log_mode":"IMMUTABLE","size":741,"sha256":"bf1bad6fae2bb7eb4f63c64de5751c6c34c6eab3552119fba968a202bc3e1d7f","nrows":50,"ncols":2,"_latest_artifact_path":"wandb-client-artifact://ic8feexaho1fe6jh5n64627o8kklo08eoo8hypwatlo79qpq255jwiqsh9avliqy65600fh68hq3h5txkzeifpe6koa6t1w4ibf6bkd3no798go48n9cbanvng04skff:latest/Sample Images.table.json","path":"media/table/Sample Images_0_bf1bad6fae2bb7eb4f63.table.json","artifact_path":"wandb-client-artifact://gw12jofjmmeblg7o7yk1i0kuw79niqf95qw82awv9et4539mh3kwp2ilj5l734g016ndpl9qts9v7x3srllfjbnrf6jwvyx8chjyow1rodvfevfd6k3qteu3xw3jb909/Sample Images.table.json","_type":"table-file"},"_timestamp":1.7719515796887474e+09,"test_loss":2.3025528519923464,"test_accuracy":0.1129,"train_loss":2.3025541888057144,"train_accuracy":0.11248333333333334,"_runtime":80,"epoch":10}