{"_timestamp":1.772260838214392e+09,"train_loss":2.3011354461387565,"val_accuracy":0.1125,"_step":10,"final_test_accuracy":0.1125,"grad_norm_layer1":5.0963960276523646e-06,"_wandb":{"runtime":53},"_runtime":53,"epoch":10,"train_accuracy":0.11253703703703703,"val_loss":2.30114162826579}