{"final_test_accuracy":0.689,"val_loss":0.8735826198565421,"epoch":10,"grad_norm_layer1":0.41315015151807355,"_timestamp":1.7722652215924754e+09,"val_accuracy":0.6958333333333333,"train_accuracy":0.6970925925925926,"_step":10,"train_loss":0.878132173000032,"_runtime":80,"_wandb":{"runtime":80}}