{"val_loss":2.301171839351079,"grad_neuron_0":0,"_runtime":83,"epoch":5,"iteration":49,"grad_neuron_3":0,"_wandb":{"runtime":83},"relu_zero_fraction":1,"val_accuracy":0.1125,"_timestamp":1.7722970013787289e+09,"grad_neuron_1":0,"grad_neuron_2":0,"grad_norm_layer1":0,"train_loss":2.301165803477725,"grad_neuron_4":0,"train_accuracy":0.11253703703703703,"final_test_accuracy":0.1125,"_step":17019}